,word1,word2,prediction
0,abandon,frost,0.48002632730165523
1,abandon,railroad,0.5199761308321953
2,abortion,religion,0.3812906615039673
3,abstract,candle,0.3812944349026257
4,abstract,frog,0.3122463608464837
5,abstract,moon,0.2694614254863168
6,abstract,rally,0.3718429768508526
7,abuse,abuse,0.7141921382379112
8,abuse,disorder,0.49219089331140886
9,accommodate,adjust,0.4105005392084837
10,accommodation,accommodation,0.5949446756523082
11,accompany,walking,0.46135711275595825
12,account,explanation,0.5333856362137313
13,account,invoice,0.6525364445266042
14,act,improvement,0.17021148377156597
15,action,adjustment,0.6441381976656366
16,action,entrance,0.3349393254988287
17,activity,solo,0.7030281175911147
18,activity,variation,0.3960806346526541
19,actor,amateur,0.6006304011076199
20,ad,track,0.7402623085831318
21,add,increased,0.2892006621865523
22,add,string,0.01888714815924944
23,addition,segment,0.5654603296530074
24,admitting,confess,0.48006839501677673
25,adult,dentist,0.34170537827795994
26,advance,advance,0.3809968113580351
27,advance,string,0.2656427140548978
28,advice,recommendation,0.48853040462356295
29,advised,murder,0.21373538703756045
30,aerial,clown,0.3866661981338577
31,africa,territory,0.36203200471793456
32,age,history,0.29405059600258365
33,agency,police,0.5205316870119132
34,aim,intending,0.2888041229196938
35,air,cold,0.39696885440027496
36,air,plasma,0.4587226548807539
37,air,satellite,0.33543087131436206
38,aircraft,fleet,0.909585027723202
39,aircraft,flight,0.9283933059262375
40,aircraft,yacht,0.6008495500360468
41,airplane,plane,0.7934587210593507
42,ale,bitter,0.37813972216194586
43,alley,street,0.6478972537292385
44,aluminum,component,0.6169026072614093
45,aluminum,imperative,0.5343848209119402
46,american,lobster,0.22601448674389277
47,ammunition,intolerable,0.5991506289079198
48,amount,number,0.7118788036279453
49,amounted,make,0.3601254589091668
50,amusement,athletics,0.5496469466168303
51,amusement,procedure,0.3174087865475414
52,anatomy,palm,0.4528115659715929
53,ancient,city,0.5668077624911212
54,angel,asphalt,0.3173412477668955
55,angel,pod,0.2036003019146776
56,angrier,stormy,0.5011626790955184
57,animal,asia,0.34402978590341415
58,animal,flora,0.4160995557925591
59,animal,giraffe,0.5350643769323742
60,animal,mural,0.1742256275870107
61,animal,wild,0.2690916397701109
62,animal,worm,0.3615202610830401
63,animal,zoo,0.6864508005435157
64,anniversary,marriage,0.6137236396236726
65,answering,counter,0.28242110162453377
66,anxiety,insecurities,0.5911212583672114
67,apartment,staircase,0.5800717544054214
68,appliance,dryer,0.41365172838024766
69,appreciate,see,0.8139052904223715
70,approach,avenue,0.2765130018804448
71,approach,merit,0.47776288463035305
72,approach,trench,0.3255705919158654
73,approval,encouragement,0.5322701569758301
74,approving,interaction,0.3428586801578025
75,aquarium,coin,0.4112270546248935
76,arch,brick,0.5159506118463667
77,arch,roof,0.35344010769416045
78,architecture,urban,0.7020843339344427
79,area,space,0.3185385852977211
80,argument,evidence,0.08040602104575756
81,arm,bicycle,0.48225773982112097
82,arm,television,0.521248714976018
83,arrange,discard,0.39003994133479003
84,arrange,study,0.2591962109463954
85,arrangement,blizzard,0.47346324546077734
86,arrangement,room,0.5078708893079823
87,art,craft,0.33324537714193925
88,art,gem,0.5390028576675079
89,art,museum,0.8691441490239009
90,art,painting,0.7519833935597038
91,article,cup,0.3720106389192619
92,article,girl,0.20591966055721356
93,ash,bone,0.5927706636645953
94,ash,coil,0.48168442084146035
95,asphalt,crane,0.6019378779782876
96,asphalt,water,0.7888520851440393
97,assets,exclude,0.6914283517698363
98,association,organization,0.6161013518425906
99,association,realtor,0.46003279312128265
100,asylum,dollar,0.46702660710679234
101,asylum,shelter,0.03719895646919413
102,athletics,racing,0.5035067640947998
103,athletics,swimming,0.6883322680560855
104,attempt,give,0.5023223591416102
105,attempt,initiate,0.5425637528957468
106,attitude,notice,0.39959704232694127
107,attitude,study,0.39148069679468833
108,attorney,lawyer,0.5797807380352966
109,auto,bright,0.3066476356809079
110,automobile,fabric,0.1257268424150783
111,automobile,racing,0.4984341764189513
112,autumn,foliage,0.4759602178842794
113,autumn,hat,0.2962769707361048
114,autumn,sunshine,0.8377418305891609
115,autumn,winter,0.6534802778592544
116,award,citation,0.3945362692093868
117,baby,treat,0.3283353684591307
118,back,lumbar,0.3803775544018871
119,back,shifting,0.28509389615794206
120,bacon,bread,0.7656496268070138
121,bacon,pepper,0.703119770726057
122,bacon,salad,0.6362430341075199
123,bacon,tomato,0.6170728348364136
124,bacon,wild,0.4828603827125525
125,bag,cop,0.33709847081816835
126,bag,flag,0.17513386994095437
127,bakery,cake,0.7561728532320943
128,bakery,vehicle,0.28748925603614883
129,balance,gauge,0.39112945118454345
130,banana,salad,0.48199116047231383
131,band,guitar,0.5726411683072095
132,band,metal,0.40827076480822866
133,band,play,0.440129958645923
134,band,uniform,0.26508712121788347
135,band,vinyl,0.3555393772129549
136,bank,smell,0.3651871605116309
137,bankruptcy,enterprise,0.6505193475750162
138,bar,diner,0.7835187480312206
139,bar,ship,0.35548220863825
140,bar,stair,0.3794665792798164
141,bar,sushi,0.6462751597142786
142,barn,food,0.596255762084725
143,barrel,gallon,0.31897421624616573
144,base,club,0.5197740703984302
145,baseball,born,0.3425774033430753
146,baseball,cactus,0.42588660704461434
147,baseball,game,0.4385103108340729
148,baseball,hockey,0.36600415074330395
149,baseball,season,0.28642297192725136
150,basket,dinner,0.5683866596667249
151,basketball,lesson,0.5954138329713368
152,basketball,squash,0.22787830449389987
153,bat,bats,0.4792159205550762
154,bath,bedroom,0.6747963311026202
155,bath,floor,0.676053873547818
156,bath,hot,0.40594021080147286
157,bath,sleep,0.5448066011321526
158,bathroom,chamber,0.5219602823231289
159,bay,curve,0.3518217606555455
160,bay,harbour,0.8077924253315013
161,beach,cliff,0.6119239094864324
162,beach,pebble,0.5588652038228743
163,bead,chess,0.2504168512986291
164,bead,gold,0.6564933432747971
165,bead,redhead,0.39256312552564865
166,beam,column,0.5660623986466162
167,beard,hair,0.6550368504041484
168,beat,meter,0.0848241617183736
169,bed,candy,0.27373764284925794
170,bed,floor,0.6641115896777072
171,bed,furniture,0.7197094932993886
172,bed,layer,0.20351615140655951
173,bed,pillow,0.38675975641373295
174,bed,relax,0.5042855229304086
175,bed,sitting,0.4890769373312955
176,bed,staircase,0.5420779099593395
177,bedroom,canyon,0.1687195705248131
178,bedroom,ceiling,0.32951968035102724
179,bedroom,cell,0.44214333659083316
180,bedroom,construction,0.3963604267590147
181,bedroom,door,0.6540933927901129
182,bedroom,downtown,0.32412233325579737
183,bedroom,room,0.5944079783020542
184,bedroom,stair,0.48472044220366023
185,bedroom,staircase,0.48183771705240447
186,beef,chicken,0.7871634765038581
187,beef,lamb,0.6745007919128776
188,beef,pepper,0.5596738783375916
189,beef,potato,0.6621258793172196
190,beer,patio,0.468252214869726
191,beer,wild,0.3061944720344106
192,being,characters,0.24959594726457734
193,believe,week,0.26100780617485664
194,belly,black,0.23623608076795888
195,belly,dance,0.12022769483244997
196,belly,dark,0.27768517057416764
197,belly,field,0.2292907464332281
198,belly,stripe,0.32003857884778425
199,bench,game,0.4811363817217315
200,benefited,get,0.27638433631725956
201,bent,double,0.6511893182641693
202,bent,inclination,0.3976226013820121
203,berlin,germany,0.6283216742509048
204,berry,blossom,0.7308984820723058
205,berry,bright,0.5446039760476964
206,berry,dessert,0.6604456187012653
207,berry,ivy,0.6070260354295792
208,berry,raspberry,0.7103280302788413
209,berry,seed,0.3427136791252677
210,berry,sweet,0.716571893384326
211,bias,prejudice,0.10580341623986375
212,bible,misty,0.4546582897144114
213,bicycle,green,0.45979944322918964
214,bigger,large,0.3472893754539307
215,bike,chopper,0.3881205559284842
216,bikini,ivy,0.6346511019605978
217,bin,cup,0.3234529339647839
218,bird,cock,0.753112473283159
219,bird,dragonfly,0.9331078223223112
220,bird,flamingo,0.7816532785994954
221,bird,goose,0.7153322326616735
222,bird,insect,0.5456919598041334
223,bird,reptile,0.6870980477080788
224,bird,shade,0.5728865698388832
225,bird,solid,0.5638195797463068
226,bishop,priest,0.32849928846208876
227,bishop,radical,0.36876501460265054
228,bishop,wine,0.23067898901857514
229,bit,curb,0.4311380080273478
230,bit,tool,0.39487332895257626
231,bitter,taste,0.440781500265153
232,black,blue,0.7422909833623771
233,black,bright,0.6400077736783153
234,black,brown,0.47529761587826524
235,black,cigarette,0.4120294262418479
236,black,juvenile,0.4156188409538126
237,black,skirt,0.6154411569880376
238,black,white,0.7021477283735501
239,blast,smashing,0.5738385015980058
240,blaze,pig,0.332739481807511
241,blessing,patronage,0.5257087643956406
242,blizzard,rash,0.4834530070641389
243,block,hinder,0.620183441038842
244,blonde,haircut,0.6265300376406924
245,blonde,wig,0.46336617141188363
246,bloom,flower,0.8861655921937882
247,bloom,friend,0.7693809788499638
248,bloom,plant,0.8211425396700883
249,bloom,purple,0.6843277147019935
250,blossom,bud,0.5852697425579125
251,blossom,cherry,0.853053359568797
252,blossom,daisy,0.5007456492053888
253,blossom,foliage,0.6596907968057404
254,blossom,orange,0.9212647744004743
255,blossom,petal,0.7221244142693262
256,blossom,purple,0.5691430472890517
257,blow,contact,0.43845434124615945
258,blow,swat,0.3711306399105758
259,blowing,smoking,0.4240614005110202
260,blue,colour,0.7999675304531557
261,blue,happy,0.3713735939204476
262,blue,report,0.360085869907548
263,blue,shade,0.5392453261220695
264,blue,skirt,0.47512771808609316
265,blues,rhythm,0.6258686671051542
266,blur,focus,0.49895628090538297
267,blur,metro,0.5874008450817836
268,board,deal,0.4028037029743903
269,boardwalk,park,0.45630950483518196
270,boast,complain,0.45186800621715806
271,boat,negro,0.46549867426559777
272,boat,shore,0.830341420260373
273,bold,forward,0.2798051410187711
274,bold,leader,0.3234792538306506
275,bone,skull,0.4507596893662329
276,book,building,0.6680375150167356
277,book,smoking,0.49742594945319113
278,booklet,reference,0.42315132066067657
279,boot,kick,0.48611571847139773
280,boot,punch,0.28081185189351343
281,bootleg,produce,0.469664379878076
282,bootleg,whiskey,0.6234383567051971
283,born,construction,0.26625860750367747
284,born,mother,0.42320476424892856
285,born,subway,0.17315555080045691
286,bottle,wine,0.2632014426985184
287,bound,line,0.3262610510871739
288,bound,skirt,0.5928859298449347
289,bowling,wheel,0.170236534509632
290,boxer,stair,0.07117071394462585
291,boxing,hit,0.3291423807830793
292,boy,hand,0.37503283414862953
293,boy,live,0.4148320461122377
294,bracelet,jewelry,0.9468616789952481
295,bracelet,mountain,0.27764023629842377
296,brain,head,0.32317817442605357
297,brake,click,0.2312633103437594
298,branch,tea,0.13684144365032197
299,brass,executive,0.31081007409058015
300,brazil,nut,0.331373487588978
301,brazil,triple,0.8236309959673611
302,bread,bun,0.3237207495210167
303,bread,cooking,0.8087758642744126
304,bread,cover,0.17196136299494738
305,bread,dessert,0.7663942600073155
306,bread,egg,0.5982227033215683
307,bread,medicine,0.19347354360871336
308,break,glittering,0.5049240058445805
309,break,scattered,0.30289408024755377
310,breakfast,diner,0.7160015210372448
311,breakfast,evening,0.4821892607732803
312,breakfast,lunch,0.5028919987712723
313,breakfast,makeup,0.10757476778488229
314,breakfast,morning,0.38638342586189967
315,breakfast,people,0.23701569642514247
316,breakfast,relax,0.35873947015297714
317,brick,cement,0.6686786548859248
318,brick,construction,0.711956650707788
319,brick,skyscraper,0.45497886003919796
320,bride,photographer,0.4603927594513946
321,bright,dark,0.7100906795143036
322,bright,fruit,0.320291686305046
323,bright,mist,0.6785776263817672
324,bright,raspberry,0.3749038759624863
325,bright,shade,0.5233748038480515
326,bright,sky,0.7584515391958222
327,bring,presenting,-0.01336995070878183
328,bring,return,0.3613957474709303
329,broadcast,packet,0.2847275959290877
330,bronze,sculpture,0.3884698031273426
331,bronze,suspicion,0.4486667429985638
332,brown,green,0.801796991924895
333,brown,hawk,0.5579076548140492
334,brown,purple,0.5640641640768377
335,brown,white,0.4584794872093745
336,brussels,sweden,0.49321361262440694
337,bucket,water,0.45404951239093033
338,bud,flower,0.7865254098546816
339,bud,ivy,0.5721211676027083
340,budget,fund,0.39091831009060585
341,budget,scale,0.2525239240661237
342,bug,insect,0.5529679080824644
343,building,cafe,0.4842776369299244
344,building,construction,0.7328654404146953
345,building,downtown,0.5596548326284889
346,building,floor,0.6327275762531517
347,building,ministry,0.4958127932189461
348,building,tall,0.5795284445597937
349,building,zombie,0.5619231746801334
350,burger,cooking,1.0086274084919034
351,burger,dessert,0.7917684660202803
352,burger,salad,0.8236110864434395
353,burger,soup,0.839196564292457
354,burn,fire,0.43146936976887207
355,burn,ripple,0.3394607749437276
356,bus,rail,1.139633996278811
357,business,railway,0.3889976240185462
358,butter,stick,0.07033329445087039
359,butterfly,caterpillar,0.25984494480619713
360,butterfly,dragonfly,0.6946086583512554
361,butterfly,glittering,0.36693976852294485
362,button,sticker,0.08924683918967817
363,cafe,child,0.35428430888247364
364,cafe,coffee,0.4266586405608429
365,cafe,dinner,0.7893895673220523
366,cafe,donut,0.26440902809087474
367,cafe,lunch,0.6287627581401913
368,cafe,pub,0.6432779164684186
369,cafe,reflection,0.39456621050964397
370,cafe,relax,0.2741811355281683
371,cafe,shop,0.5529709512731772
372,cafe,spiral,0.19550257083685638
373,cake,christmas,0.11198127236739797
374,call,meeting,0.3962759431433839
375,call,statement,0.530478227282221
376,call,telephone,0.5431960621357115
377,camel,desert,0.5434093948289231
378,camp,camp,0.46518081177586273
379,campaign,conspiracy,0.21123528708037526
380,can,sketch,0.40498151232873925
381,candidate,republic,0.5713668579612905
382,canine,dog,0.7035219021442436
383,canyon,landscape,0.5130535737763557
384,canyon,river,0.7888882973117685
385,car,insurance,0.43440022585252114
386,car,pig,0.4145095312393142
387,car,skull,0.29599837852894323
388,card,playing,0.9217386073614315
389,card,see,0.4491185406918525
390,carrier,carrier,0.6893734113023873
391,carrier,traveler,0.41407270685195013
392,carrier,vehicle,0.3026046778501964
393,carrot,memorial,0.33954470171214146
394,carrot,salad,0.7691018757043829
395,cart,wagon,0.20428081738704051
396,cartoon,wit,0.5342770654865467
397,case,clients,0.6592660707074557
398,cast,cast,0.48026626920407894
399,cast,shoot,0.5752565061379693
400,castle,patio,0.5959496067384829
401,castle,ruin,0.6438299814177852
402,cat,garden,0.5877911474073435
403,catch,catching,0.8838430581891267
404,catch,hooks,0.442999601190995
405,catching,perceive,0.7022937352035198
406,catching,playing,0.4079364655767048
407,category,flavor,0.28726336668688535
408,catering,loan,0.46078283750073157
409,caterpillar,paint,0.3077595009207821
410,cathedral,step,0.5362006763941143
411,cattle,goat,0.6246146457663401
412,cattle,web,0.40076750494956137
413,cautious,film,0.28577329956282427
414,ceiling,marble,0.6558521060553419
415,ceiling,mug,0.6315728939637397
416,ceiling,room,0.6234541025325028
417,ceiling,staircase,0.6418064475407323
418,ceiling,wall,0.7188884918583504
419,cell,membrane,0.21998096463664085
420,cemetery,grave,0.2469427772728086
421,cemetery,memorial,0.4280791087582958
422,center,center,0.24858763339135742
423,center,refer,0.3003060827090496
424,century,period,0.5243666623652316
425,century,temperature,0.6244536818631212
426,ceramic,floor,0.49643743569439513
427,chance,fortune,0.5989273998218783
428,chance,opportunity,0.5496695435709403
429,chance,ring,0.4074591987302677
430,change,laundering,0.26546275572159517
431,change,transforming,0.4035905458186641
432,change,yielding,0.4700804331829279
433,channel,sound,0.7391672539046016
434,chaos,death,0.644235913117785
435,chapel,porch,0.4169833107750416
436,chapel,ruin,0.4310722695655286
437,charcoal,fuel,0.3266437325891925
438,charge,damage,0.4685809976516385
439,charge,sentence,0.33814782034604984
440,checked,checked,0.5731532958501747
441,cheer,musician,0.5298949244561828
442,cheese,food,0.620084578251751
443,cheetah,flame,0.743245503766048
444,chemical,intermediate,0.48217387661182687
445,chemistry,patient,0.2711990181593297
446,cherry,fruit,0.5026969146179446
447,cherry,grape,0.5490740992780963
448,cherry,lamb,0.4479227111088493
449,cherry,meat,0.418831539555498
450,cherry,orange,0.5599976009727945
451,cherry,raspberry,0.4122348609000137
452,chess,family,0.3236472225456103
453,chess,toy,0.16803316705871177
454,chicken,lamb,0.5680956119111858
455,chicken,poultry,0.6087657159903259
456,chief,guru,0.3108471893929148
457,child,lad,0.45939847042624393
458,child,street,0.3475660321062778
459,chile,plate,0.4162179354807001
460,chocolate,rock,0.24493563810928212
461,choice,option,0.6460862375678709
462,chopper,poppy,0.6462391315178511
463,chord,play,0.4079718899741562
464,christmas,valentine,0.34836416918819657
465,church,porch,0.3777726037887774
466,church,temple,0.48872358984173203
467,circle,oval,0.3526177064424221
468,circle,sport,0.6732819656258324
469,city,round,0.4006984009531342
470,city,ruin,0.6415185797149129
471,city,sidewalk,0.5500435056665594
472,city,square,0.6687726968848802
473,city,urban,0.6690657492620653
474,class,sex,0.37955446773251345
475,cliff,coast,0.263486113454241
476,cliff,harbour,0.5936254130144392
477,cliff,waterfall,0.5070590417768356
478,clinic,session,0.300037589985824
479,clock,timer,0.6172097692615619
480,close,short,0.5268577019056416
481,closed,closed,0.3427990846757423
482,closed,state,0.2526049311801331
483,closed,up,0.3373749080704007
484,closing,closing,0.751412317833382
485,closing,finale,0.38943701092317984
486,clothes,short,0.7622824057613214
487,cloud,energy,0.421514398525596
488,club,hockey,0.43256224528136933
489,club,shirt,0.20228913994306513
490,clubhouse,pop,0.372044027224559
491,clue,parish,0.18451412904370637
492,coast,scenery,0.6199219347461031
493,coast,sunk,0.4206525788617184
494,coast,zebra,0.23192691803620036
495,coat,resurfacing,0.2718152698880666
496,coat,roof,0.18073380596623054
497,cock,penis,0.1814674760072217
498,cocktail,garage,0.2118495805789719
499,cocktail,restaurant,0.6715511252741938
500,coffee,meeting,0.27677836586948484
501,coffee,tea,0.5348924377208387
502,coin,gold,0.7002265488840493
503,coin,silver,0.6514480482409464
504,coin,ticket,0.6123159142315784
505,cold,mist,0.68446696504153
506,cold,rain,0.6580285154507937
507,cold,silver,0.3692019219672662
508,cold,sunny,0.4574066463538035
509,cold,sunshine,0.6437911817538631
510,cold,water,0.3910202764654415
511,cold,weather,0.7468161039936717
512,cold,winter,0.5062474965058241
513,coldness,cool,0.7878734451621204
514,collage,exhibition,0.6733139587576206
515,collage,paint,0.7275850688619309
516,collage,sculpture,0.6312587065837032
517,collage,stream,0.4151408488604757
518,collapse,shock,0.30095410906957176
519,collar,tiger,0.5367576914027605
520,collect,collect,0.47883104655429887
521,collect,scrape,0.5569746380039435
522,collection,library,0.5818160292027634
523,collection,packet,0.19545677988254967
524,color,quality,0.5131366863791869
525,color,wash,0.5047865494810262
526,colorful,outfit,0.491288602478639
527,colorful,shot,0.6719039546042469
528,colorful,toy,0.20073181360529072
529,colorful,wood,0.6901923238788472
530,colors,emblem,0.706665879037727
531,colour,grey,0.6780639836766089
532,colour,shade,0.7366633836926181
533,comfort,relief,0.38174597955881495
534,comment,mention,0.2474697629881716
535,commercial,manufacture,0.47051127551565297
536,commitment,guarantee,0.7460748316113738
537,communication,theater,0.4729330491739215
538,compact,short,0.32808285396862436
539,company,distributor,0.8228297555344329
540,compartment,stalls,0.46742914454469675
541,compatible,software,0.33113088224897297
542,competes,race,0.591554894563421
543,compound,enhance,0.28811636569546195
544,compound,whole,0.48067485940507576
545,computer,lab,0.3890582507797189
546,computer,number,0.31554978826577806
547,computer,platform,0.3479338477160153
548,computer,railway,0.42441036459987075
549,concentration,focus,0.41763860884089976
550,concert,jazz,0.6727413779815269
551,concert,sing,0.6154863089328989
552,concerts,settle,0.5574005664047452
553,conclusion,judgment,0.8633163528687416
554,conclusion,situation,0.6997820709951756
555,concoct,request,0.4009794061681699
556,concrete,interior,0.6106459205540311
557,concrete,pin,0.5622854595086979
558,cone,palm,0.5012724677256961
559,congress,sex,0.46074301721963223
560,connection,keyboard,0.77794314319467
561,consequences,position,0.5765615496513347
562,consistency,phase,0.25422363655979857
563,construction,downtown,0.4254855405713014
564,construction,interior,0.35718698122708625
565,contact,print,0.6249719193825125
566,control,driving,0.3824540530639067
567,cooking,dessert,0.5960190192889581
568,cooking,eat,0.8059509923410924
569,cooking,food,0.7316315896004875
570,cooking,frozen,0.644180873753962
571,cooking,salad,0.5140350489234942
572,cool,cool,0.7303237398520321
573,cool,jazz,0.5268242455230038
574,cool,state,0.2741229106476343
575,cop,dirty,0.2451846131212363
576,cop,music,0.6514508391359235
577,cop,ruin,0.3564447868775671
578,cord,eclipse,0.08672216676151931
579,corn,pepper,0.6233617073609091
580,cost,price,0.5370954334841236
581,costume,halloween,0.3606531654254148
582,costume,radiation,0.3506143470419806
583,cottage,patio,0.42085062595115724
584,council,minister,0.58302060079652
585,count,investigation,0.2460866348710024
586,count,number,0.36611528424413564
587,counter,furniture,0.3481593421799687
588,counter,negative,0.5055150611947057
589,couple,family,0.27027455407804996
590,couple,makeup,0.26107780372340117
591,couple,race,0.28043945456594654
592,cousin,relation,0.5026906972239749
593,cover,feather,0.4969016600703566
594,cover,sleeve,0.13526966814513874
595,covering,skin,0.6776719021083151
596,cowboys,ranch,0.4889309945501194
597,crack,cracking,0.7953210282499441
598,cracking,noise,0.8885272778868334
599,cracking,sound,0.7343117877592361
600,craft,game,0.4853616977439588
601,crane,stair,0.49877465000490095
602,crash,swing,0.38922462475235375
603,creation,stitch,0.32346439434765106
604,credit,flap,0.3015227070917904
605,credit,foundation,0.6712457319656051
606,crew,unit,0.7263920499565348
607,critic,reviewers,0.6245021480587065
608,crochet,family,0.2174471826507307
609,crochet,jewelry,1.0897548507980874
610,crochet,knitting,0.6326402592702863
611,cross,mug,0.24331924440103225
612,cross,post,0.28472533863332705
613,cross,pub,0.16871231839630418
614,cross,shopping,0.43191125852365053
615,crush,push,0.3971186437311532
616,crush,split,0.6067386580938219
617,crystal,spiral,0.3425571481791982
618,cube,dice,0.21700489771625345
619,cup,handbag,0.3266057623973892
620,curb,smother,0.606149674613812
621,curb,train,0.5667834357878876
622,current,flow,0.5248507559216771
623,cut,gore,0.4198408940692274
624,cute,fashion,0.37188873779441095
625,cute,friend,0.45859149868884547
626,cute,fun,0.32121112179593503
627,cute,haircut,0.7213262909366394
628,cylinder,pen,0.21971890979288214
629,daisy,foliage,0.6459802956541562
630,daisy,grass,0.6071740238989354
631,daisy,petal,0.6986095060366488
632,dance,hotel,0.30196413220727675
633,dandelion,foliage,0.3964996752039751
634,dandelion,grass,0.5279415957056668
635,dandelion,petal,0.22857312531212315
636,danger,status,0.33927988905840784
637,dark,flamingo,0.8418192153525416
638,dark,pod,0.28624002554252664
639,dark,white,0.4433374957946199
640,dashboard,protection,0.28950560268504616
641,daughter,graphic,0.1904991484759648
642,daughter,pub,0.3285889801203312
643,dawn,day,0.6000233358688324
644,day,glide,0.7261220922519181
645,day,horse,0.3298537631822107
646,day,independence,0.4995309473562581
647,day,night,0.5501103176521637
648,day,sunny,0.5972449501071158
649,day,sunset,0.7000514674846219
650,day,weather,0.5527052088743657
651,dead,sidewalk,0.41986505192173595
652,deaf,people,0.49324488150345736
653,death,funeral,0.635793405013716
654,decision,option,0.49988591526261866
655,decoration,tulip,0.4632497353010698
656,defeat,ending,0.6515818472465215
657,defeated,people,0.15528288244669358
658,degree,quantity,0.38325216737638534
659,demand,supply,0.4232973097087907
660,demolition,interior,0.35664510106797925
661,demolition,skyscraper,0.46694176767288365
662,demolition,tall,0.487828019371346
663,desert,mountain,0.5804908941493421
664,deserve,merit,0.4558246761058327
665,deserve,want,0.6144466182784174
666,design,graphic,0.5333023749076276
667,design,orange,0.6660010907640789
668,designation,recognition,0.38785579088451216
669,designs,intend,0.4957274068325668
670,dessert,head,0.15535566757068867
671,dessert,salad,0.5700674538820197
672,determination,selection,0.46029480080090823
673,development,twist,0.3730332054426244
674,diamond,parade,0.3492958356400477
675,diamond,short,0.27931349025302327
676,diamond,stencil,0.1979154027270016
677,difficulty,problem,0.6523330277716258
678,digit,toe,0.5020150053937056
679,dilute,market,0.5170308307198627
680,dinner,sitting,0.3300459231530755
681,dinner,sleep,0.35361219251451304
682,direction,direction,0.4004598222567225
683,direction,traveling,0.30399934888237545
684,dirt,racing,0.8347418408424583
685,dirt,road,0.6848933987837339
686,dirt,sand,0.6587235592507754
687,dirty,dude,0.40802131482719584
688,dirty,rabbit,0.2989795325889667
689,dirty,washing,0.35549794900572607
690,discharge,spread,0.4091353324669743
691,discipline,discipline,0.5018450494237933
692,disk,dot,0.447071172756046
693,display,stick,0.36786607924187864
694,dissipate,isolate,0.7494391831906178
695,distinction,sword,0.3823003645023487
696,distinguish,medal,0.2100681021246505
697,distinguish,sex,0.24996296596148093
698,disturbance,upset,0.9351066790953013
699,diversion,skiing,0.6329400655582162
700,dock,herb,0.5291689372978974
701,dog,husky,0.6733248587606504
702,dog,secretary,0.5499131204739702
703,doll,new,0.1642979474716515
704,dome,interior,0.4686595020907362
705,dome,uniform,0.41559403018587476
706,donut,panda,0.3229056927965783
707,door,interior,0.19692947116395632
708,door,porch,0.37414475527163255
709,door,room,0.6869256143387812
710,downtown,field,0.5474865904995505
711,downtown,hockey,0.5371836761921012
712,downtown,ruin,0.6718413157208183
713,downtown,shopping,0.7037069399204957
714,downtown,subway,0.7475698126641885
715,drag,drawing,0.549920632815162
716,dragon,drop,0.27552505442750047
717,dragonfly,frog,0.4408039678326342
718,dragonfly,insect,0.4497777290466799
719,draw,draw,0.6008876854397147
720,draw,entertainer,0.5258283898703543
721,dress,match,0.527932473578185
722,dress,neckline,0.5317837845564932
723,dress,outfit,0.5705112041661589
724,dressing,patch,0.30682272703900565
725,drill,implement,0.3669871180790675
726,drink,turn,0.3502150453627394
727,dripping,hot,0.6864531798915158
728,dripping,round,0.4841196584767871
729,dripping,wet,0.46257160406409426
730,drive,drive,0.5884366475959731
731,drive,operate,0.29289129886360654
732,drop,drop,0.6517488362001538
733,drop,measure,0.2538877984416767
734,drop,sink,0.15867045681691888
735,dropping,dropping,0.764967490068317
736,drought,time,0.9028076661432004
737,drug,reflection,0.317927623338329
738,drug,sing,0.4690895554749125
739,drug,wolf,0.1679346126629512
740,dude,fun,0.4987099838350467
741,dude,hanging,0.15827466274309496
742,dude,sitting,0.33551884872225557
743,dude,smile,0.42480375762475997
744,dusk,hummingbird,0.4482638264135511
745,dusk,misty,0.7518642426138181
746,dye,kiss,0.4361464908181977
747,eagle,feather,0.6864575601418601
748,ear,organ,0.645108360878015
749,earn,make,0.39563775935392353
750,ease,relaxation,0.5312911084082093
751,ease,rest,0.3530497115710797
752,east,israel,0.4946986756866877
753,easter,preference,0.687761475481685
754,eat,rabbit,0.48163923660018765
755,eat,soup,0.6116987424773481
756,eat,truck,0.3886532726591271
757,educated,learned,0.43979739089012426
758,effects,effects,0.45099779736355383
759,egg,lego,-0.063754796852042
760,egg,nest,0.4600517386967823
761,egg,white,0.20799920114222198
762,eight,movement,0.27456178660992464
763,element,mixture,0.4734219293070203
764,element,situation,0.4025196372610623
765,elephant,giraffe,0.46419262064715594
766,emission,gum,0.40311102811608024
767,endeavor,worst,0.3466228791011572
768,enemy,strike,0.4693551906879809
769,enforcing,execute,0.6306317147509755
770,engine,gasoline,0.6844668053199808
771,engineering,technology,0.5327028021896311
772,english,french,0.22437319308809198
773,enhanced,increased,0.3533665915171639
774,enjoy,suffering,0.2018977582428035
775,enterprise,industry,0.7170945328400926
776,entrance,registration,0.3358425825712057
777,equipment,seat,0.6436238317854099
778,escalator,railway,0.5584831907423986
779,escalator,redhead,0.5270769173443447
780,establishment,establishment,0.6130940343810809
781,evaluate,forecast,0.3814502935217301
782,evening,fun,0.4061749366615388
783,evening,night,0.5394547989915766
784,evening,time,0.3224655357326591
785,event,influence,0.44888533826089705
786,evidence,format,0.4016853732783937
787,evidence,record,0.4912417935787713
788,evil,worst,0.2980338767107545
789,evolution,publicity,0.49445655622790075
790,examination,quiz,0.23853403782174692
791,executive,organization,0.7107484367161938
792,exhibit,parade,0.5052401339317458
793,exhibition,painting,0.6070858189466386
794,exhibition,soup,0.39488062759924336
795,expect,think,0.5677298487692884
796,expectation,possibility,0.4087437625800392
797,expedition,mystery,0.43617774127006714
798,explosion,stencil,0.2724864379073348
799,express,mail,0.7089725253190783
800,extending,increase,0.6040585617674805
801,extort,school,0.28916102089060497
802,eye,face,0.41545373233010047
803,eye,lip,0.9301993437722028
804,eye,sky,0.60842826336552
805,fabric,lace,0.6965773104333552
806,fabric,sail,0.17295057689800916
807,face,stop,0.23778570081581674
808,face,tear,0.5035962730931187
809,fair,midway,0.1906485056309544
810,family,town,0.4541774242082373
811,fantasy,fiction,0.38899292083345227
812,fantasy,recycling,0.6626829616984582
813,farm,wind,0.31190070608996057
814,farmer,individual,0.4865276627357062
815,fashion,handwriting,0.38657404695916214
816,fashion,outfit,0.5384028175100122
817,fauna,toy,0.19821150653450115
818,fbi,investigation,0.5437967476887231
819,fear,fear,0.5760914372162991
820,feather,flamingo,0.5894895064891822
821,feather,grey,0.39676325083320063
822,feather,hummingbird,0.5775267865881734
823,feather,mallard,0.47775373185327785
824,feather,nest,0.6112259074653358
825,feather,sunflower,0.41199980706484557
826,feedback,flow,0.23642703091714698
827,feel,friend,0.43095851991653833
828,feel,stop,0.4718694366874277
829,feel,tear,0.2197739935576941
830,feline,kitten,0.6555350277549253
831,feline,kitty,0.5263400710566895
832,feline,nut,0.19159612586397953
833,feline,pumpkin,0.3867965249250407
834,feline,reptile,0.4489941623159402
835,female,old,0.21244026327722562
836,female,square,0.29508877007651546
837,festival,gate,0.7149702376402043
838,festival,music,0.8513918467102356
839,fiction,romance,0.552068218482235
840,field,handle,0.4559823797018169
841,field,play,0.5166786835064039
842,field,science,0.4354989710617988
843,fighting,resist,0.6500035037510619
844,filing,formations,0.664657541439712
845,filled,filled,0.6352605662201312
846,find,occurrence,0.6263098528137532
847,fine,precise,0.5426403384607404
848,finger,toe,0.3883137992721718
849,fingerprint,football,0.33375881349614944
850,fire,flame,0.714065845443493
851,fish,fishing,0.5684096233383527
852,fishing,shore,0.7453228612702799
853,fishing,word,0.3617212040491854
854,five,month,0.29246752547093974
855,flame,peacock,0.5038206543124286
856,flame,reaction,0.06157973428627328
857,flat,housing,0.5687408835565554
858,fleet,travel,0.35338051482055777
859,flight,plane,0.838922487012921
860,flight,shoot,0.8165118232907669
861,flood,flood,0.6102653148090951
862,flood,line,0.4661163007422087
863,floor,interior,0.47936887590572946
864,floor,stair,0.6160296885424
865,flour,garlic,0.3815201631244099
866,flower,foliage,0.6189054190066949
867,flower,garden,0.6080043046316743
868,flower,lily,0.7103017393928738
869,flower,petal,0.6001426748441046
870,flower,spring,0.485973139613429
871,flower,yellow,0.553560348947852
872,flush,good,0.1471713974707106
873,flyer,justice,0.4786234191673271
874,fog,mist,0.7969768101192207
875,fog,sunny,0.7544369918007735
876,foliage,fruit,0.6622438935980296
877,foliage,garden,0.7496950463603183
878,foliage,moss,0.6564933805708016
879,foliage,pink,0.6934768122881109
880,foliage,purple,0.7132895508445772
881,foliage,violet,0.520189205769181
882,followed,tailgate,0.5402723901562696
883,follower,planet,0.3747725934845562
884,follower,satellite,0.4229890032577711
885,food,medium,0.40111678499801573
886,foot,mural,0.4482263400319003
887,foot,outdoor,0.39597577986121146
888,foot,toe,0.24115901798939185
889,football,justice,0.4089773281375265
890,footprint,scooter,0.5321057806645956
891,ford,valley,0.4931908242064898
892,foreign,nation,0.4494562509612886
893,forest,frog,0.4878445477193337
894,forest,ground,0.3663854757682691
895,format,packaging,0.6308633618445898
896,formation,perceive,0.7519701063427215
897,formation,perform,0.5333996281990507
898,forward,player,0.3995075387824397
899,forward,position,0.4358096763465247
900,forward,transport,0.25273398960590954
901,foundation,support,0.38937323012845515
902,fountain,marble,0.5350656189832455
903,free,skin,0.6341508017029338
904,frost,lily,0.6326208527986374
905,frost,weather,0.3550779799169924
906,frozen,shop,0.3852199887129325
907,frozen,soup,0.5964275681395447
908,fruit,orange,0.7819981195601211
909,fruit,product,0.5250867935329337
910,fruit,strawberry,0.9813976063969839
911,fruit,sunflower,0.7698349541323539
912,fun,haircut,0.6854705449090426
913,fun,happy,0.5346252226829763
914,fungi,insect,0.6587635099322422
915,fungi,mushroom,0.3488235734514057
916,furnish,impress,0.6872552070476288
917,furnishing,jumper,0.5723638997459681
918,gallery,journal,0.5078066819418305
919,gamble,pyramid,0.27531681395584545
920,game,playoff,0.44508024530102297
921,garage,kitchen,0.40932711227130747
922,garage,opener,0.4406146703455517
923,garbage,lunch,0.4576032758690024
924,gardens,sink,0.4744988022166307
925,gardens,tend,0.6326249853315274
926,gas,neon,0.46101354656532667
927,gas,sewer,1.0345790125886787
928,gasoline,town,0.3892773552815988
929,gauge,meter,0.5046456873396615
930,gem,quartz,0.460449759482339
931,germany,worst,0.3550859437191104
932,get,regained,0.3235271032175587
933,get,start,0.39651520457456013
934,giraffe,mist,0.4490432637903158
935,giraffe,zebra,0.2813771670925074
936,giraffe,zoo,0.22011415726622222
937,girl,sexy,0.5082971296127475
938,glove,wear,0.33719309292275357
939,goose,outfit,0.028861362687829156
940,government,immunity,0.6251511613768193
941,governor,office,0.37448029189818943
942,graduate,graduate,0.7286847852335676
943,grape,wine,0.7987225597357753
944,graphic,roof,0.5315920099776821
945,grass,ski,0.5145694051948464
946,grass,skull,0.43324442305686583
947,grass,stop,0.13780192232822616
948,grave,memorial,0.46646319678857834
949,grave,santa,0.3484382358318209
950,grave,shore,0.4930659536190074
951,graveyard,ruin,0.578313309741421
952,gray,property,0.4846321039719808
953,greater,greater,0.3753182532876098
954,greater,large,0.39950595642483727
955,green,number,0.349149096223869
956,green,yellow,0.7004899173770303
957,greeting,receptions,0.5152606219600211
958,grey,pink,0.6284686414642942
959,grey,rusty,0.5241121439025735
960,grey,white,0.7226569155475834
961,guardian,livestock,0.6474510390427435
962,gulf,ms,0.495761463965624
963,gun,picture,0.329617774054241
964,guy,idea,0.40822252959498095
965,guy,kid,0.4844820754781285
966,guy,kiss,0.43296141849142133
967,guy,people,0.3582980940920177
968,guy,poodle,0.4458937452199913
969,guy,sitting,0.3168276496307964
970,guy,smile,0.3179224664006681
971,guy,stand,0.29711282486134716
972,guy,tear,0.27331939875252875
973,hail,judge,0.12914255489593376
974,hair,redhead,0.6713570133357786
975,hair,stencil,0.511233779348373
976,hair,wig,0.5662825442437558
977,hand,left,0.3076455782905648
978,handle,shop,0.38362173019118917
979,handle,terrier,0.47871259777609537
980,hanging,smile,0.35999791219071725
981,happy,licking,0.4563882656853513
982,happy,mom,0.44819397776884695
983,happy,post,0.47388231786637036
984,happy,sleep,0.4990233232601614
985,happy,stand,0.40313266522885927
986,happy,stop,0.3977459962598433
987,happy,time,0.4211383152663424
988,harbor,sea,0.932062086415512
989,harbor,sunk,0.6341738572457805
990,harbour,ship,0.7060741672389815
991,harbour,shore,0.571470984881244
992,hard,zoo,0.2774880990764924
993,hat,jacket,0.47841803470219585
994,hat,jean,0.42536712852286823
995,hat,peel,0.3107841229155072
996,hat,role,0.3839110167476729
997,health,welfare,0.5950285082185037
998,heart,wing,0.27932450712496226
999,heater,stove,0.4251164911102584
1000,heel,stack,0.485942580098157
1001,held,nest,0.36625050288294114
1002,helix,spiral,0.31252355307226376
1003,highway,road,0.553382225011784
1004,hill,horizon,0.5325347671859775
1005,hill,mountain,0.4312704479469391
1006,hill,scenery,0.45942849099441907
1007,history,recital,0.21586847843060525
1008,hit,tourist,0.20399039628419946
1009,hockey,ice,0.44181501509169496
1010,hockey,play,0.5900532741069693
1011,holiday,travel,0.7686877129839496
1012,home,smoking,0.405357495711261
1013,honest,sincere,0.791736591536486
1014,hood,protection,0.2169733152313698
1015,hope,psychology,0.44584410217598647
1016,horizon,sky,0.9223071531806685
1017,horizontal,surface,0.738653079536719
1018,hostility,war,0.5638532517592301
1019,hot,hot,0.7165437498019028
1020,hot,sunny,0.5375026844732804
1021,hotel,kill,0.6306278675244779
1022,hotel,library,0.576592258540068
1023,hotel,oak,0.40891017006662317
1024,house,staircase,0.4617373022714363
1025,house,windmill,0.3285858663344479
1026,housing,vault,0.3934479342648999
1027,hummingbird,rodent,0.30756826906162393
1028,husky,painting,0.324396303916925
1029,image,visualize,0.4260402919584723
1030,impressive,striking,0.5132914310225614
1031,industrial,lake,0.149446233100484
1032,information,target,0.5465546875725564
1033,infrastructure,structure,0.3455561552559031
1034,initial,letter,0.5252935186480099
1035,injury,wrong,0.2382496899060992
1036,ink,liquid,0.5007914007835392
1037,ink,organ,0.3756791861977067
1038,insect,lizard,0.6560455381906464
1039,installation,zoo,0.23388770260208766
1040,instruction,lesson,0.5213664253508783
1041,interest,lien,0.4975062103466823
1042,interior,object,0.33270033609476685
1043,interior,paint,0.5597644899452575
1044,interior,roof,0.5455829007850577
1045,interior,staircase,0.5462708550058598
1046,interior,tall,0.5228142872926265
1047,interpretation,twist,0.32018925729140807
1048,intrigue,romance,0.43351318790979054
1049,inventory,listing,0.5210311634833238
1050,invite,requests,0.3056353049733518
1051,ipod,rope,0.2809561301592536
1052,iron,robust,0.7557679775646284
1053,israel,israeli,0.7241080442201729
1054,israel,terror,0.5550816707519213
1055,issue,up,0.3426266571836858
1056,ivy,oak,0.3515809268402539
1057,jaguar,storm,0.1410242729010253
1058,jamaica,queens,0.3989484476609302
1059,jazz,play,0.7200451654220237
1060,jean,shirt,0.6233199332192025
1061,jean,washing,0.29194131727193556
1062,jellyfish,punk,0.29311545680842865
1063,jellyfish,texture,0.464773407205574
1064,joke,message,0.5068886145234233
1065,journal,writing,0.4932700498971469
1066,judgment,sense,0.2765231866126481
1067,jump,stitch,0.15307344305128323
1068,jump,uniform,0.301126339016925
1069,jury,school,0.009595969337059251
1070,justice,official,0.30133862420600493
1071,juvenile,rope,0.4587524546038285
1072,key,misty,0.37920466273016395
1073,key,motor,0.08915878916176205
1074,keyboard,soldier,0.2294000061561184
1075,kidnapped,shanghai,0.11956968674462402
1076,kill,sacrifice,0.3199505100040701
1077,kill,shot,0.4201985602706468
1078,kind,soft,0.42059835692644243
1079,kiss,rusty,0.195354338119333
1080,kitchen,sleep,0.6855064913217965
1081,kitchen,stair,0.24167836136311455
1082,kitchen,washing,0.47845019246066717
1083,kitten,kitty,0.5605084036969982
1084,knock,tap,0.24790718704155132
1085,lad,wizard,0.8356129871884691
1086,lady,sexy,0.39828513745872585
1087,lake,scenery,0.5576412761071214
1088,lake,town,0.6911329927348555
1089,lamb,lantern,0.31985135775730766
1090,lamb,number,0.6590332418330972
1091,lamb,snow,0.6324242278347582
1092,landscape,mountain,0.5357829576774429
1093,landscape,stadium,0.5819254224369933
1094,lantern,oak,0.5353243992560837
1095,lapse,suspension,0.5135289607908533
1096,last,last,0.4610097814448275
1097,last,senior,0.6218265859550758
1098,laundering,machine,0.349507419568189
1099,law,mosaic,0.2698068790293389
1100,lawn,sleep,0.7343792761949228
1101,layer,region,0.0499027630685796
1102,leaf,nature,0.407364801724845
1103,lean,rest,0.35540816413633236
1104,leap,second,0.3768999931447329
1105,learned,learned,0.66250806557662
1106,leather,pouch,0.4722593116692053
1107,leather,sunshine,0.3425871137600709
1108,leave,pass,0.3726549196568173
1109,left,morning,0.49113118542306683
1110,left,walk,0.24982485773745777
1111,lego,rodent,0.43158461039466944
1112,lever,machine,0.3455105958361992
1113,lever,open,0.44005224204349797
1114,licking,marble,0.45534375752823647
1115,licking,pier,0.37300937882532087
1116,licking,puppy,0.43659687138502234
1117,licking,rusty,0.2813005171880912
1118,licking,sitting,0.4289262000216145
1119,lie,line,0.38798791369621266
1120,lie,sun,0.4453570403074927
1121,light,shadow,0.6982666379538016
1122,light,sleep,0.5248324248020706
1123,light,sunlight,0.8298536287693031
1124,lighthouse,wall,0.5313033035064629
1125,lighting,man,0.368491677375877
1126,lighting,stone,0.6553326478596266
1127,lily,plant,0.6610944264196694
1128,lily,purple,0.6303530262111363
1129,lily,tulip,0.6323389047382222
1130,limb,limb,0.31322657923374025
1131,line,street,0.7221791572513163
1132,lion,square,0.3312525414643615
1133,list,position,0.46497073727550564
1134,list,post,0.319986790642676
1135,list,shopping,0.3859758776964892
1136,listing,organization,0.4805482071734742
1137,live,stitch,0.26134623015037184
1138,location,space,0.38225257028904713
1139,lock,mannequin,0.2551788223217043
1140,looking,sightseeing,0.49872034209513233
1141,loss,reducing,0.8160994345333028
1142,love,romance,0.7686901528736801
1143,lower,sustain,0.4769100150250971
1144,lunch,morning,0.30176474434066186
1145,lunch,sunny,0.4263981515009443
1146,machine,pond,0.30082458986208027
1147,machine,sketch,0.3427787884582703
1148,machine,washing,0.532726033921652
1149,magnitude,size,0.4544574890250538
1150,magnolia,maple,0.5993432590163572
1151,maker,manufacturer,0.4626863967430846
1152,makeup,people,0.19403461097620175
1153,male,man,0.32850638667720977
1154,manufacture,up,0.3337271422381157
1155,map,sewing,0.3761194913048991
1156,map,video,0.6120159588978482
1157,maple,oak,0.6086297145874926
1158,marble,postcard,0.2714793937510335
1159,marble,sing,0.2066927517836481
1160,market,shop,0.19283420675638804
1161,market,sweeten,0.4520723111815004
1162,mars,water,0.6339311090224022
1163,mask,roof,0.2466921179191751
1164,match,matchstick,0.1383555489840205
1165,match,play,0.3331949536091549
1166,matter,text,0.36808202707040794
1167,mayor,villa,0.6702327467293917
1168,meal,rice,0.5319446864924701
1169,means,tool,0.34718823195721893
1170,measure,twist,0.4434770632924122
1171,meat,moon,0.2574151713400707
1172,meat,potato,0.5949532435741332
1173,meat,soup,0.8115936749136826
1174,medium,organization,0.2085576282719248
1175,melody,music,0.9697093015110012
1176,memorial,rope,0.24193205630394915
1177,memory,operation,0.4103960336882851
1178,metro,rail,0.8903387998132065
1179,metro,train,0.6450514731653552
1180,military,reflection,0.3373498965510317
1181,military,wasp,0.4259867651113823
1182,mill,wild,0.5252917751927897
1183,mill,windmill,0.46105495207591457
1184,miniature,paint,0.504992820685225
1185,miniature,painting,0.2736613976389018
1186,minister,work,0.3991311898892319
1187,mirror,raspberry,0.39032006484043114
1188,mist,sky,0.8622048878915366
1189,mist,sunny,0.8387751600828421
1190,misty,sky,0.7724036257098207
1191,misty,snow,0.7535452146323226
1192,misty,sunny,0.7387622273401971
1193,misty,sunrise,0.6315458464082789
1194,misty,sunshine,0.7020870818314632
1195,model,toe,0.412985455651397
1196,mole,spy,0.22648015957763118
1197,moment,thief,0.6290994185601009
1198,money,pile,0.3466295693324405
1199,money,quota,0.5439834450398293
1200,monster,rock,0.5369173428860232
1201,month,year,0.5561236350246692
1202,moon,mushroom,0.5244159087245746
1203,morning,sunrise,0.6414450308492083
1204,morning,sunshine,0.5656440606012015
1205,mortal,mother,0.5578038887180239
1206,moss,plant,0.6764578865593498
1207,mother,mother,0.7192902871228994
1208,mother,mother-in-law,0.5499252885981385
1209,mother,pregnant,0.9426428709853373
1210,mother,yeast,0.39249966169577055
1211,motion,step,0.20829769610684973
1212,motto,volunteer,0.4270187648623757
1213,mouth,tongue,0.5734512734461122
1214,move,shifting,0.557669065502846
1215,move,spread,0.2556825369466667
1216,move,swell,0.2582996597806943
1217,mozart,wagner,0.38560866649816694
1218,museum,swim,0.8698109776448278
1219,music,musician,0.8754958387868813
1220,music,print,0.6350216314608175
1221,music,track,0.6058607809100606
1222,musical,solo,0.46458701880150843
1223,nail,rusty,0.44553300967777576
1224,nation,spanish,0.3778632871807946
1225,native,rhodes,0.5361195924708102
1226,necklace,snow,0.24476705917027708
1227,nest,wasp,0.35865108074931823
1228,noodle,pigeon,0.8557789669773882
1229,novel,story,0.28135705153675433
1230,nude,painting,0.5111580231193893
1231,nurse,nurse,0.7686826913003155
1232,nut,sunflower,0.5226193990219683
1233,observation,radio,0.3164884091225381
1234,observe,violating,0.6075339783212403
1235,obvious,plain,0.5973523175458204
1236,obvious,room,0.5591817371197088
1237,occasion,second,0.41854447520179394
1238,occupation,place,0.2940007633064623
1239,ocean,pacific,0.8126106672069211
1240,ocean,underwater,0.6971528818274975
1241,ocean,water,0.7104822384625491
1242,old,race,0.30399377160718094
1243,old,seat,0.42778535123434597
1244,operation,operation,0.24650634456246012
1245,opinion,sentiment,0.1279609071489576
1246,orange,peel,0.4921518020008006
1247,orange,raspberry,0.5883898845748288
1248,orange,shop,0.3144810857985661
1249,origami,stadium,0.5043071658189285
1250,origin,root,0.3821726119914065
1251,out,sent,0.23075744018708094
1252,outdoor,pool,0.8093092207035133
1253,outdoor,swimming,0.9583187247008783
1254,outfit,sign,0.2902141189994135
1255,outfit,sock,0.5905272880041446
1256,overflow,sewer,0.5988729620614514
1257,pain,suffering,0.6236795668149426
1258,paint,picture,0.5820667776603828
1259,paint,portrait,0.7708413161502071
1260,painting,sculpture,0.6941717161426709
1261,palace,ruin,0.4556651057667961
1262,panorama,scenery,0.5901323832940655
1263,panorama,view,0.6766773577206748
1264,panorama,zoo,0.3160178312905623
1265,paper,railway,0.4628128193408087
1266,paper,vine,0.48840787355938287
1267,papers,security,0.4706589254287967
1268,park,parking,0.7535965783396249
1269,part,relation,0.5400686983271388
1270,party,seat,0.6158404421409502
1271,pass,ticket,0.8091945419998554
1272,pass,topping,0.4671586122872258
1273,passage,quotation,0.5922601654016176
1274,passing,passing,0.4221305265192455
1275,path,star,0.41630542740720705
1276,patio,sleep,0.4040780531893938
1277,patio,stair,0.3479273387919181
1278,patio,staircase,0.3032124278688676
1279,patio,woman,0.2741859098978081
1280,pavilion,terrace,0.6100207881568844
1281,paw,theatre,0.39378514044261786
1282,peel,skin,0.2818064475600793
1283,pennsylvania,writer,0.25398909367559996
1284,people,wounded,0.5243933204074119
1285,pepper,potato,0.47790599570245684
1286,pepper,tomato,0.4993388398889265
1287,person,tiger,0.461210240987918
1288,personnel,police,0.4679997753094514
1289,persuasion,weapon,0.42881526596036523
1290,petal,shade,0.40995826011558434
1291,photo,photography,0.6116589845318243
1292,photograph,still,0.4250362945442746
1293,photographer,portrait,0.7699728764513941
1294,photographer,wedding,0.5778714086160515
1295,piano,wolf,0.4989135133092206
1296,pigeon,round,0.3105029191998682
1297,pillow,stone,0.5855680835070657
1298,pink,skirt,0.6733539112918069
1299,pink,white,0.6295397812051571
1300,place,place,0.41593028383927105
1301,place,siphon,0.5510462880118725
1302,plain,report,0.40201967546863115
1303,plant,seed,0.2387569131385872
1304,plant,skate,0.4199616829021547
1305,play,rail,0.3813993620868076
1306,play,sign,0.4223308937140358
1307,play,thousand,0.5882488253634013
1308,player,slave,0.10125942640381969
1309,pledge,promise,0.9328606536559297
1310,plot,strategy,0.522503515836932
1311,point,second,0.547634732406874
1312,point,spot,0.3137337959931783
1313,point,tennis,0.5947037873802075
1314,point,trouble,0.614740769765236
1315,poll,poll,0.47965353318474635
1316,pond,water,0.7639904104289713
1317,poodle,puppy,0.6348820957778718
1318,poodle,terrier,0.6540535397208437
1319,pool,relax,0.5567454203423148
1320,porch,roof,0.4270241305958536
1321,porch,scooter,0.26173266655193905
1322,porch,staircase,0.4737991586377143
1323,portrait,underground,0.2531290999440178
1324,potato,rice,0.5035879481916358
1325,president,president,0.46456115029747713
1326,price,price,0.5955407109355375
1327,principle,principle,0.49359282875293964
1328,privilege,rich,0.2365516458436347
1329,production,production,0.5814524314763202
1330,profiling,racism,0.5861525365372833
1331,protection,roof,0.10623200561861104
1332,protest,tile,0.35232266656732264
1333,publish,show,0.6236959314188208
1334,pug,puppy,0.6675411884498499
1335,punk,vinyl,0.2294067557575192
1336,puppy,skyline,0.4423366391405743
1337,purple,violet,0.6609292677717927
1338,pyramid,speculation,0.27966960246629397
1339,quality,romance,0.6682424592130523
1340,queen,queen,0.4427018445008607
1341,race,racing,0.6548666882932301
1342,race,square,0.32451210714645773
1343,radical,role,0.45424704125110316
1344,rail,train,0.9228551498431361
1345,railroad,underground,0.3436995362067474
1346,railway,station,0.7087400719299378
1347,rain,wet,0.5753747358748476
1348,raise,shoulders,0.5910676375114131
1349,raising,upbringing,0.858811864993246
1350,raspberry,sweet,0.6782284083346859
1351,read,reading,0.7353565303255738
1352,rebel,soldier,0.7061608215261348
1353,rebel,young,0.33862677104870564
1354,recognize,succeed,0.48612283942349577
1355,record,score,0.7057597564105546
1356,record,write,0.5324380921317754
1357,red,shade,0.3886325942445329
1358,red,stripe,0.2296372232374314
1359,redhead,rusty,0.14357258837710823
1360,relax,sitting,0.34609202418250384
1361,relief,total,0.4140774170661382
1362,religion,remedy,0.4335170691393012
1363,religion,trinity,0.5377191190020065
1364,report,study,0.6088849026807734
1365,reptile,vacation,0.44616522129538055
1366,reservation,reservation,0.5027716612046658
1367,resistance,resistance,0.4405444414472198
1368,reverse,reverse,0.2643944590726087
1369,rice,yellow,0.3092344058545012
1370,ripple,shadow,0.7745810694060964
1371,ripple,wave,0.4452424775549658
1372,river,valley,0.7911762989298401
1373,river,waterfall,0.6275187718448539
1374,robbery,rolling,0.41235670525690504
1375,rod,rod,0.5076306584273321
1376,role,title,0.24441487858812982
1377,rolling,sound,0.5529066912236452
1378,room,sitting,0.4829742608562736
1379,root,stem,0.4557408491444596
1380,rope,shore,0.3724566304576973
1381,rose,rose,0.5194615025145524
1382,round,shape,0.3128871863708478
1383,row,terrace,0.6835220130607088
1384,rub,wipe,0.3108329266516108
1385,ruin,stone,0.5757276302161878
1386,ruin,town,0.37052089732456595
1387,running,sprint,0.5960325825087492
1388,rusty,shade,0.24802666632539472
1389,rusty,stand,0.4658332759969395
1390,saddle,soap,0.39542404359470085
1391,sail,sheet,0.24871380910661264
1392,sailing,sunk,0.44197220146680255
1393,sake,shade,0.4670322857707894
1394,satellite,solar,0.4788694215685754
1395,scenery,trail,0.5594671707748358
1396,school,welsh,0.3179899835861739
1397,sea,shore,0.8554875338859744
1398,sea,submarine,0.5197262804461149
1399,sea,water,0.45530815671329206
1400,season,winter,0.6676346210780195
1401,seize,take,0.47171817689182216
1402,series,string,0.34362294074954075
1403,sex,sex,0.5645455670402613
1404,sexy,smile,0.3589750804298931
1405,shade,tree,0.616918558619816
1406,shade,whale,0.4607327844514058
1407,shadow,sunlight,0.6715225912152897
1408,shape,square,0.4281276162263118
1409,sheet,sheet,0.30579817384530406
1410,shining,work,0.48813615834171636
1411,ship,spouse,0.9335021769720906
1412,shirt,tiger,0.607065838521604
1413,shopping,store,0.4840557281345919
1414,shore,swim,0.6657702448922178
1415,shore,town,0.594370393728813
1416,shore,valley,0.4680176903632172
1417,short,trading,0.5721427958736305
1418,sight,vision,0.4850656969666155
1419,sign,sign,0.4116804880546153
1420,silence,still,0.6066989785479118
1421,single,sole,0.35106201816812954
1422,sitting,sleep,0.7002748797095368
1423,situation,things,0.4888168113624765
1424,skate,vehicle,0.11643688494949876
1425,skating,sticker,0.10970501576850912
1426,skin,skin,0.41819279687598965
1427,sky,sunlight,0.9046247685829462
1428,skyline,view,0.796334102956156
1429,slash,stroke,0.3492653117743263
1430,slave,worker,0.3508154167208991
1431,sleeping,waking,0.4481418009740047
1432,small,valley,0.4478652513382892
1433,small,village,0.5218807961386311
1434,smile,time,0.431148060742308
1435,smile,view,0.5527335151056336
1436,smile,walk,0.4927704908603268
1437,smoking,sunny,0.4011513528178763
1438,snap,touch,0.39325860676209756
1439,sock,stocking,0.42782059693941277
1440,solstice,summer,0.5148098255452649
1441,song,vocal,0.6624993470879399
1442,speech,word,0.4542897644625756
1443,spin,sweat,0.4981999250830353
1444,spiral,staircase,0.551187883930759
1445,spread,spread,0.4432525347058859
1446,square,town,0.6652728401151595
1447,stamp,weave,0.26992666561613904
1448,stand,tear,0.2563977177921271
1449,stand,walk,0.3628637358884226
1450,star,star,0.395588336448672
1451,star,storm,0.16765633928216542
1452,steel,wing,0.6952567612884997
1453,step,travel,0.449623716056778
1454,step,walk,0.4118109751370722
1455,step,wind,0.464707361464041
1456,sticker,track,0.562449496706218
1457,stock,stock,0.6299733973975044
1458,storm,thunderstorm,0.8298316642156051
1459,straight,stretch,0.4938122355076257
1460,strains,trouble,0.4272175073864718
1461,stream,waterfall,0.4432424499230852
1462,stripe,train,0.11487835024774164
1463,stripe,violet,0.44807441919829416
1464,subway,underground,0.6862381301289704
1465,subway,valentine,0.3334333381143657
1466,sun,sun,0.59465491665466
1467,sun,sunburst,0.5319462992309524
1468,sun,sunlight,0.6935918752078191
1469,sun,sunshine,0.6232490068158789
1470,sunlight,thriller,0.823814911306415
1471,sunny,weather,0.6975542137576887
1472,sunny,wet,0.470172410174029
1473,sunshine,weather,0.5344790088519644
1474,support,trace,0.2764450294177856
1475,surface,territory,0.48734210169553555
1476,surfer,wave,0.2076599570705434
1477,tall,wool,0.2596177770688146
1478,tenure,term,0.2916368067680877
1479,thing,thing,0.49850819511383376
1480,ticket,writing,0.38680588445945807
1481,tops,tops,0.44816961728731175
1482,touch,upset,0.43385640010918103
1483,tour,travel,0.4227889420243436
1484,traffic,traffic,0.7740905378422167
1485,train,train,0.8384215864576195
1486,travel,travel,0.9267864756942321
1487,travel,wandering,0.36031187766446715
1488,tunnel,underground,0.5056293650712402
1489,type,write,0.21622262555245858
1490,valley,village,0.6280450930642758
1491,van,vine,0.48825884707121137
1492,violet,white,0.6800021353896759
1493,violet,yellow,0.6665928631647211
1494,washer,worker,0.5452143001302474
1495,water,water,0.45985964992907336
1496,ways,ways,0.6190826478526089
1497,weather,winter,0.5566125938647306
1498,wednesday,weekday,0.3552608339191611
1499,word,word,0.538862519477231
